{
  "episode_rewards": [
    -1062.3504965190039,
    -3072.5726067368932,
    -8082.1856068866355,
    -2065.722235532328,
    -1066.6034125173653,
    -8072.064872137455,
    -64.54963737629504,
    -2072.10855303018,
    -1060.1209170207803,
    -60.44906243331733,
    -2062.6873800643584,
    -2060.2315670972143,
    -58.911379613543616,
    -1061.0602773694734,
    -58.519871161321944,
    -3061.1450464084987,
    -2064.7943559015644,
    -1062.2605868333167,
    -3063.91417363772,
    -3061.4685289099707,
    -2058.250628998994,
    -2062.056589081159,
    -60.75343291616204,
    -2063.103444584154,
    -2070.7260171547746,
    -1059.6688318308381,
    -2057.0555480240773,
    -1057.4282716589114,
    -58.18307661155897,
    -53.52926936644465
  ],
  "episode_violations": [
    1,
    3,
    8,
    2,
    1,
    8,
    0,
    2,
    1,
    0,
    2,
    2,
    0,
    1,
    0,
    3,
    2,
    1,
    3,
    3,
    2,
    2,
    0,
    2,
    2,
    1,
    2,
    1,
    0,
    0
  ],
  "episode_energy": [
    98.03202742968284,
    71.0315098652049,
    81.33687813559342,
    62.29206908415856,
    83.13095930949059,
    71.13874569140806,
    65.1243245663996,
    73.50842835141958,
    57.689513399004646,
    58.94332578778449,
    60.14951932590241,
    58.45835903195875,
    73.92381493780786,
    57.63733741960763,
    56.09331767995382,
    57.79145478619929,
    61.42108485734615,
    59.73765077050157,
    60.40751213240524,
    78.97954940337485,
    56.41680973765769,
    60.271108765139985,
    57.582204630094424,
    69.65029435291908,
    93.96110584778229,
    57.683274228190484,
    55.33706822722122,
    55.70669149743506,
    82.20111507449276,
    52.72811596390716
  ]
}